<?xml version="1.0" encoding="UTF-8"?>
<CustomField xmlns="http://soap.sforce.com/2006/04/metadata">
    <fullName>Account__c</fullName>
    <description>Supplier that this order will be from</description>
    <externalId>false</externalId>
    <label>Account</label>
    <lookupFilter>
        <active>true</active>
        <errorMessage>Account must be a Supplier</errorMessage>
        <filterItems>
            <field>Account.RecordTypeId</field>
            <operation>equals</operation>
            <value>Supplier</value>
        </filterItems>
        <isOptional>false</isOptional>
    </lookupFilter>
    <referenceTo>Account</referenceTo>
    <relationshipLabel>Store Supply Orders</relationshipLabel>
    <relationshipName>Store_Supply_Orders</relationshipName>
    <relationshipOrder>1</relationshipOrder>
    <reparentableMasterDetail>false</reparentableMasterDetail>
    <trackTrending>false</trackTrending>
    <type>MasterDetail</type>
    <writeRequiresMasterRead>false</writeRequiresMasterRead>
</CustomField>
