<?xml version="1.0" encoding="UTF-8"?>
<CustomField xmlns="http://soap.sforce.com/2006/04/metadata">
    <fullName>Order_Status__c</fullName>
    <description>Status of this order</description>
    <externalId>false</externalId>
    <label>Order Status</label>
    <required>false</required>
    <trackTrending>false</trackTrending>
    <type>Picklist</type>
    <valueSet>
        <restricted>true</restricted>
        <valueSetDefinition>
            <sorted>false</sorted>
            <value>
                <fullName>Placed</fullName>
                <default>false</default>
                <label>Placed</label>
            </value>
            <value>
                <fullName>Received</fullName>
                <default>false</default>
                <label>Received</label>
            </value>
            <value>
                <fullName>In Progress</fullName>
                <default>false</default>
                <label>In Progress</label>
            </value>
            <value>
                <fullName>Completed</fullName>
                <default>false</default>
                <label>Completed</label>
            </value>
            <value>
                <fullName>Cancelled</fullName>
                <default>false</default>
                <label>Cancelled</label>
            </value>
        </valueSetDefinition>
    </valueSet>
</CustomField>
