<?xml version="1.0" encoding="UTF-8"?>
<CustomField xmlns="http://soap.sforce.com/2006/04/metadata">
    <fullName>Store__c</fullName>
    <description>The store that is placing the order</description>
    <externalId>false</externalId>
    <label>Store</label>
    <referenceTo>Store__c</referenceTo>
    <relationshipLabel>Store Supply Orders</relationshipLabel>
    <relationshipName>Store_Supply_Orders</relationshipName>
    <relationshipOrder>0</relationshipOrder>
    <reparentableMasterDetail>false</reparentableMasterDetail>
    <trackTrending>false</trackTrending>
    <type>MasterDetail</type>
    <writeRequiresMasterRead>false</writeRequiresMasterRead>
</CustomField>
