<?xml version="1.0" encoding="UTF-8"?>
<CustomField xmlns="http://soap.sforce.com/2006/04/metadata">
    <fullName>Buzz_Id__c</fullName>
    <caseSensitive>false</caseSensitive>
    <description>External Id from Wired Brain Coffee&apos;s external system Buzz</description>
    <externalId>true</externalId>
    <label>Buzz Id</label>
    <length>100</length>
    <required>false</required>
    <trackHistory>false</trackHistory>
    <trackTrending>false</trackTrending>
    <type>Text</type>
    <unique>true</unique>
</CustomField>
