<?xml version="1.0" encoding="UTF-8"?>
<CustomField xmlns="http://soap.sforce.com/2006/04/metadata">
    <fullName>Country__c</fullName>
    <externalId>false</externalId>
    <label>Country</label>
    <required>false</required>
    <trackHistory>false</trackHistory>
    <trackTrending>false</trackTrending>
    <type>Picklist</type>
    <valueSet>
        <restricted>true</restricted>
        <valueSetDefinition>
            <sorted>false</sorted>
            <value>
                <fullName>Brazil</fullName>
                <default>false</default>
                <label>Brazil</label>
            </value>
            <value>
                <fullName>Canada</fullName>
                <default>false</default>
                <label>Canada</label>
            </value>
            <value>
                <fullName>France</fullName>
                <default>false</default>
                <label>France</label>
            </value>
            <value>
                <fullName>India</fullName>
                <default>false</default>
                <label>India</label>
            </value>
            <value>
                <fullName>Mexico</fullName>
                <default>false</default>
                <label>Mexico</label>
            </value>
            <value>
                <fullName>United Kingdom</fullName>
                <default>false</default>
                <label>United Kingdom</label>
            </value>
            <value>
                <fullName>United States</fullName>
                <default>false</default>
                <label>United States</label>
            </value>
        </valueSetDefinition>
    </valueSet>
</CustomField>
