<?xml version="1.0" encoding="UTF-8"?>
<CustomField xmlns="http://soap.sforce.com/2006/04/metadata">
    <fullName>Total_Supply_Spend__c</fullName>
    <externalId>false</externalId>
    <label>Total Supply Spend</label>
    <summarizedField>Store_Supply_Order__c.Order_Amount__c</summarizedField>
    <summaryForeignKey>Store_Supply_Order__c.Store__c</summaryForeignKey>
    <summaryOperation>sum</summaryOperation>
    <trackHistory>false</trackHistory>
    <trackTrending>false</trackTrending>
    <type>Summary</type>
</CustomField>
