<?xml version="1.0" encoding="UTF-8"?>
<CustomField xmlns="http://soap.sforce.com/2006/04/metadata">
    <fullName>Types_of_Coffee__c</fullName>
    <externalId>false</externalId>
    <label>Types of Coffee</label>
    <required>false</required>
    <trackHistory>false</trackHistory>
    <trackTrending>false</trackTrending>
    <type>MultiselectPicklist</type>
    <valueSet>
        <restricted>true</restricted>
        <valueSetDefinition>
            <sorted>false</sorted>
            <value>
                <fullName>Arabica</fullName>
                <default>false</default>
                <label>Arabica</label>
            </value>
            <value>
                <fullName>Robusta</fullName>
                <default>false</default>
                <label>Robusta</label>
            </value>
            <value>
                <fullName>Liberica</fullName>
                <default>false</default>
                <label>Liberica</label>
            </value>
            <value>
                <fullName>Excelsa</fullName>
                <default>false</default>
                <label>Excelsa</label>
            </value>
        </valueSetDefinition>
    </valueSet>
    <visibleLines>4</visibleLines>
</CustomField>
