{
    "records": [
        {
            "attributes": {
                "type": "Store_Supply_Order__c",
                "referenceId": "NovPhxCoffee"
            },
            "Name": "Nov Phx Coffee Order",
            "Delivery_Date__c": "2022-11-01",
            "Order_Amount__c": 20000,
            "Order_Status__c": "Completed",
            "Product_Ordered__c": "Coffee",
            "Quantity__c": 100,
            "Store__c": "@PhoenixHub",
            "Supplier__c": "@ThanksALatteRoasters"
        },
        {
            "attributes": {
                "type": "Store_Supply_Order__c",
                "referenceId": "NovPhxCupsEmporium"
            },
            "Name": "Nov Phx Cups Emporium Order",
            "Delivery_Date__c": "2022-11-01",
            "Order_Amount__c": 5000,
            "Order_Status__c": "Completed",
            "Product_Ordered__c": "Cups",
            "Quantity__c": 5000,
            "Store__c": "@PhoenixHub",
            "Supplier__c": "@CupsEmporium"
        },
        {
            "attributes": {
                "type": "Store_Supply_Order__c",
                "referenceId": "NovPhxPastry"
            },
            "Name": "Nov Phx Pastry Order",
            "Delivery_Date__c": "2022-11-01",
            "Order_Amount__c": 10000,
            "Order_Status__c": "Completed",
            "Product_Ordered__c": "Pastries",
            "Quantity__c": 2500,
            "Store__c": "@PhoenixHub",
            "Supplier__c": "@ShakeNBakeBakery"
        },
        {
            "attributes": {
                "type": "Store_Supply_Order__c",
                "referenceId": "NovPhxUtensil"
            },
            "Name": "Nov Phx Utensil Order",
            "Delivery_Date__c": "2022-11-01",
            "Order_Amount__c": 2500,
            "Order_Status__c": "Completed",
            "Product_Ordered__c": "Utensils",
            "Quantity__c": 5000,
            "Store__c": "@PhoenixHub",
            "Supplier__c": "@ForkInTheRoadWarehouse"
        },
        {
            "attributes": {
                "type": "Store_Supply_Order__c",
                "referenceId": "DecPhxCoffee"
            },
            "Name": "Dec Phx Coffee Order",
            "Delivery_Date__c": "2022-12-01",
            "Order_Amount__c": 20000,
            "Order_Status__c": "Placed",
            "Product_Ordered__c": "Coffee",
            "Quantity__c": 100,
            "Store__c": "@PhoenixHub",
            "Supplier__c": "@ThanksALatteRoasters"
        },
        {
            "attributes": {
                "type": "Store_Supply_Order__c",
                "referenceId": "DecPhxCupsEmporium"
            },
            "Name": "Dec Phx Cups Emporium Order",
            "Delivery_Date__c": "2022-12-01",
            "Order_Amount__c": 5000,
            "Order_Status__c": "Completed",
            "Product_Ordered__c": "Cups",
            "Quantity__c": 5000,
            "Store__c": "@PhoenixHub",
            "Supplier__c": "@CupsEmporium"
        },
        {
            "attributes": {
                "type": "Store_Supply_Order__c",
                "referenceId": "DecPhxPastry"
            },
            "Name": "Dec Phx Pastry Order",
            "Delivery_Date__c": "2022-12-01",
            "Order_Amount__c": 10000,
            "Order_Status__c": "Completed",
            "Product_Ordered__c": "Pastries",
            "Quantity__c": 2500,
            "Store__c": "@PhoenixHub",
            "Supplier__c": "@ShakeNBakeBakery"
        },
        {
            "attributes": {
                "type": "Store_Supply_Order__c",
                "referenceId": "DecPhxUtensil"
            },
            "Name": "Dec Phx Utensil Order",
            "Delivery_Date__c": "2022-12-01",
            "Order_Amount__c": 2500,
            "Order_Status__c": "Completed",
            "Product_Ordered__c": "Utensils",
            "Quantity__c": 5000,
            "Store__c": "@PhoenixHub",
            "Supplier__c": "@ForkInTheRoadWarehouse"
        }
    ]
}