<?xml version="1.0" encoding="UTF-8"?>
<CustomField xmlns="http://soap.sforce.com/2006/04/metadata">
    <fullName>Partnership_Age__c</fullName>
    <description>Age of the partnership with this supplier</description>
    <externalId>false</externalId>
    <formula>IF(NOT(ISBLANK(Partnership_Start_Date__c)), (TODAY() -  Partnership_Start_Date__c ) / 365, 0)</formula>
    <formulaTreatBlanksAs>BlankAsZero</formulaTreatBlanksAs>
    <label>Partnership Age (Years)</label>
    <precision>18</precision>
    <required>false</required>
    <scale>2</scale>
    <type>Number</type>
    <unique>false</unique>
</CustomField>
