<?xml version="1.0" encoding="UTF-8"?>
<CustomField xmlns="http://soap.sforce.com/2006/04/metadata">
    <fullName>Service_Level_Agreement__c</fullName>
    <externalId>false</externalId>
    <label>Service Level Agreement</label>
    <required>false</required>
    <trackFeedHistory>false</trackFeedHistory>
    <type>Picklist</type>
    <valueSet>
        <valueSetDefinition>
            <sorted>false</sorted>
            <value>
                <fullName>Platinum Plus</fullName>
                <default>false</default>
                <label>Platinum Plus</label>
            </value>
            <value>
                <fullName>Platinum</fullName>
                <default>false</default>
                <label>Platinum</label>
            </value>
            <value>
                <fullName>Gold</fullName>
                <default>false</default>
                <label>Gold</label>
            </value>
            <value>
                <fullName>Silver</fullName>
                <default>false</default>
                <label>Silver</label>
            </value>
            <value>
                <fullName>Bronze</fullName>
                <default>false</default>
                <label>Bronze</label>
            </value>
            <value>
                <fullName>Blue</fullName>
                <default>false</default>
                <label>Blue</label>
            </value>
        </valueSetDefinition>
    </valueSet>
</CustomField>
