<?xml version="1.0" encoding="UTF-8"?>
<CustomApplication xmlns="http://soap.sforce.com/2006/04/metadata">
    <brand>
        <headerColor>#0070D2</headerColor>
        <shouldOverrideOrgTheme>false</shouldOverrideOrgTheme>
    </brand>
    <formFactors>Small</formFactors>
    <formFactors>Large</formFactors>
    <isNavAutoTempTabsDisabled>false</isNavAutoTempTabsDisabled>
    <isNavPersonalizationDisabled>false</isNavPersonalizationDisabled>
    <isNavTabPersistenceDisabled>false</isNavTabPersistenceDisabled>
    <label>Wired Brain Coffee</label>
    <navType>Standard</navType>
    <tabs>standard-home</tabs>
    <tabs>Store__c</tabs>
    <tabs>Store_Supply_Order__c</tabs>
    <tabs>standard-Account</tabs>
    <tabs>standard-Case</tabs>
    <tabs>standard-report</tabs>
    <tabs>standard-Dashboard</tabs>
    <uiType>Lightning</uiType>
    <utilityBar>Wired_Brain_Coffee_UtilityBar</utilityBar>
</CustomApplication>
