<?xml version="1.0" encoding="UTF-8"?>
<Flow xmlns="http://soap.sforce.com/2006/04/metadata">
    <apiVersion>55.0</apiVersion>
    <description>Updates the Service Level Agreement of the Account after it is updated</description>
    <interviewLabel>Account After Update Flow {!$Flow.CurrentDateTime}</interviewLabel>
    <label>Account After Update Flow</label>
    <processMetadataValues>
        <name>BuilderType</name>
        <value>
            <stringValue>LightningFlowBuilder</stringValue>
        </value>
    </processMetadataValues>
    <processMetadataValues>
        <name>CanvasMode</name>
        <value>
            <stringValue>AUTO_LAYOUT_CANVAS</stringValue>
        </value>
    </processMetadataValues>
    <processMetadataValues>
        <name>OriginBuilderType</name>
        <value>
            <stringValue>LightningFlowBuilder</stringValue>
        </value>
    </processMetadataValues>
    <processType>AutoLaunchedFlow</processType>
    <recordUpdates>
        <name>Update_SLA_to_Platinum_Plus</name>
        <label>Update SLA to Platinum Plus</label>
        <locationX>176</locationX>
        <locationY>335</locationY>
        <filterLogic>and</filterLogic>
        <filters>
            <field>Quality_Rating__c</field>
            <operator>EqualTo</operator>
            <value>
                <numberValue>100.0</numberValue>
            </value>
        </filters>
        <inputAssignments>
            <field>Service_Level_Agreement__c</field>
            <value>
                <stringValue>Platinum Plus</stringValue>
            </value>
        </inputAssignments>
        <inputReference>$Record</inputReference>
    </recordUpdates>
    <start>
        <locationX>50</locationX>
        <locationY>0</locationY>
        <connector>
            <targetReference>Update_SLA_to_Platinum_Plus</targetReference>
        </connector>
        <object>Account</object>
        <recordTriggerType>Update</recordTriggerType>
        <triggerType>RecordAfterSave</triggerType>
    </start>
    <status>Active</status>
</Flow>
