<?xml version="1.0" encoding="UTF-8"?>
<Flow xmlns="http://soap.sforce.com/2006/04/metadata">
    <apiVersion>55.0</apiVersion>
    <description>Updates the Quality Rating of the Account before it is inserted</description>
    <interviewLabel>Account Before Insert Flow {!$Flow.CurrentDateTime}</interviewLabel>
    <label>Account Before Insert Flow</label>
    <processMetadataValues>
        <name>BuilderType</name>
        <value>
            <stringValue>LightningFlowBuilder</stringValue>
        </value>
    </processMetadataValues>
    <processMetadataValues>
        <name>CanvasMode</name>
        <value>
            <stringValue>AUTO_LAYOUT_CANVAS</stringValue>
        </value>
    </processMetadataValues>
    <processMetadataValues>
        <name>OriginBuilderType</name>
        <value>
            <stringValue>LightningFlowBuilder</stringValue>
        </value>
    </processMetadataValues>
    <processType>AutoLaunchedFlow</processType>
    <recordUpdates>
        <name>Set_Quality_Rating_to_Zero</name>
        <label>Set Quality Rating to Zero</label>
        <locationX>176</locationX>
        <locationY>311</locationY>
        <filterLogic>and</filterLogic>
        <filters>
            <field>Quality_Rating__c</field>
            <operator>IsNull</operator>
            <value>
                <booleanValue>true</booleanValue>
            </value>
        </filters>
        <inputAssignments>
            <field>Quality_Rating__c</field>
            <value>
                <numberValue>0.0</numberValue>
            </value>
        </inputAssignments>
        <inputReference>$Record</inputReference>
    </recordUpdates>
    <start>
        <locationX>50</locationX>
        <locationY>0</locationY>
        <connector>
            <targetReference>Set_Quality_Rating_to_Zero</targetReference>
        </connector>
        <object>Account</object>
        <recordTriggerType>Create</recordTriggerType>
        <triggerType>RecordBeforeSave</triggerType>
    </start>
    <status>Draft</status>
</Flow>
