<?xml version="1.0" encoding="UTF-8"?>
<Flow xmlns="http://soap.sforce.com/2006/04/metadata">
    <apiVersion>54.0</apiVersion>
    <interviewLabel>Update Account Priority {!$Flow.CurrentDateTime}</interviewLabel>
    <label>Update Account Priority</label>
    <processMetadataValues>
        <name>BuilderType</name>
        <value>
            <stringValue>LightningFlowBuilder</stringValue>
        </value>
    </processMetadataValues>
    <processMetadataValues>
        <name>CanvasMode</name>
        <value>
            <stringValue>AUTO_LAYOUT_CANVAS</stringValue>
        </value>
    </processMetadataValues>
    <processMetadataValues>
        <name>OriginBuilderType</name>
        <value>
            <stringValue>LightningFlowBuilder</stringValue>
        </value>
    </processMetadataValues>
    <processType>AutoLaunchedFlow</processType>
    <recordUpdates>
        <name>Update_Customer_Priority_to_High</name>
        <label>Update Customer Priority to High</label>
        <locationX>176</locationX>
        <locationY>551</locationY>
        <filterLogic>and</filterLogic>
        <filters>
            <field>AnnualRevenue</field>
            <operator>GreaterThanOrEqualTo</operator>
            <value>
                <numberValue>1000000.0</numberValue>
            </value>
        </filters>
        <inputAssignments>
            <field>Customer_Priority__c</field>
            <value>
                <stringValue>High</stringValue>
            </value>
        </inputAssignments>
        <inputReference>$Record</inputReference>
    </recordUpdates>
    <recordUpdates>
        <name>Update_Customer_Priority_to_Low</name>
        <label>Update Customer Priority to Low</label>
        <locationX>176</locationX>
        <locationY>311</locationY>
        <connector>
            <targetReference>Update_Customer_Priority_to_Medium</targetReference>
        </connector>
        <filterLogic>and</filterLogic>
        <filters>
            <field>AnnualRevenue</field>
            <operator>LessThan</operator>
            <value>
                <numberValue>100000.0</numberValue>
            </value>
        </filters>
        <inputAssignments>
            <field>Customer_Priority__c</field>
            <value>
                <stringValue>Low</stringValue>
            </value>
        </inputAssignments>
        <inputReference>$Record</inputReference>
    </recordUpdates>
    <recordUpdates>
        <name>Update_Customer_Priority_to_Medium</name>
        <label>Update Customer Priority to Medium</label>
        <locationX>176</locationX>
        <locationY>431</locationY>
        <connector>
            <targetReference>Update_Customer_Priority_to_High</targetReference>
        </connector>
        <filterLogic>and</filterLogic>
        <filters>
            <field>AnnualRevenue</field>
            <operator>GreaterThanOrEqualTo</operator>
            <value>
                <numberValue>100000.0</numberValue>
            </value>
        </filters>
        <filters>
            <field>AnnualRevenue</field>
            <operator>LessThan</operator>
            <value>
                <numberValue>1000000.0</numberValue>
            </value>
        </filters>
        <inputAssignments>
            <field>Customer_Priority__c</field>
            <value>
                <stringValue>Medium</stringValue>
            </value>
        </inputAssignments>
        <inputReference>$Record</inputReference>
    </recordUpdates>
    <start>
        <locationX>50</locationX>
        <locationY>0</locationY>
        <connector>
            <targetReference>Update_Customer_Priority_to_Low</targetReference>
        </connector>
        <object>Account</object>
        <recordTriggerType>CreateAndUpdate</recordTriggerType>
        <triggerType>RecordBeforeSave</triggerType>
    </start>
    <status>Active</status>
</Flow>
